{
  "HTTP Request-1" : {
    "transaction" : "HTTP Request-1",
    "sampleCount" : 989,
    "errorCount" : 166,
    "errorPct" : 16.784632,
    "meanResTime" : 43598.94944388267,
    "medianResTime" : 43796.0,
    "minResTime" : 86.0,
    "maxResTime" : 94802.0,
    "pct1ResTime" : 70574.0,
    "pct2ResTime" : 77372.0,
    "pct3ResTime" : 89520.20000000001,
    "throughput" : 10.11464629419405,
    "receivedKBytesPerSec" : 5743.987707211543,
    "sentKBytesPerSec" : 1.0712934270139804
  },
  "Total" : {
    "transaction" : "Total",
    "sampleCount" : 2978,
    "errorCount" : 343,
    "errorPct" : 11.517797,
    "meanResTime" : 29326.16856950974,
    "medianResTime" : 31896.0,
    "minResTime" : 51.0,
    "maxResTime" : 94932.0,
    "pct1ResTime" : 64230.1,
    "pct2ResTime" : 74047.95,
    "pct3ResTime" : 85173.66,
    "throughput" : 30.426253627038292,
    "receivedKBytesPerSec" : 11487.603854302894,
    "sentKBytesPerSec" : 4.680667375045976
  },
  "HTTP Request-0" : {
    "transaction" : "HTTP Request-0",
    "sampleCount" : 989,
    "errorCount" : 0,
    "errorPct" : 0.0,
    "meanResTime" : 551.5803842264911,
    "medianResTime" : 187.0,
    "minResTime" : 51.0,
    "maxResTime" : 19141.0,
    "pct1ResTime" : 1311.0,
    "pct2ResTime" : 1815.0,
    "pct3ResTime" : 3692.0000000000027,
    "throughput" : 28.694113209736848,
    "receivedKBytesPerSec" : 15.580006781849306,
    "sentKBytesPerSec" : 3.5867641512171065
  },
  "HTTP Request" : {
    "transaction" : "HTTP Request",
    "sampleCount" : 1000,
    "errorCount" : 177,
    "errorPct" : 17.7,
    "meanResTime" : 43668.45599999993,
    "medianResTime" : 44272.5,
    "minResTime" : 53.0,
    "maxResTime" : 94932.0,
    "pct1ResTime" : 71487.3,
    "pct2ResTime" : 77608.49999999997,
    "pct3ResTime" : 89621.5,
    "throughput" : 10.217009277044424,
    "receivedKBytesPerSec" : 5743.822231461875,
    "sentKBytesPerSec" : 2.3473578814009564
  }
}