{
  "HTTP Request-1" : {
    "transaction" : "HTTP Request-1",
    "sampleCount" : 10,
    "errorCount" : 0,
    "errorPct" : 0.0,
    "meanResTime" : 941.7,
    "medianResTime" : 640.5,
    "minResTime" : 534.0,
    "maxResTime" : 2703.0,
    "pct1ResTime" : 2575.4000000000005,
    "pct2ResTime" : 2703.0,
    "pct3ResTime" : 2703.0,
    "throughput" : 0.5428586938819825,
    "receivedKBytesPerSec" : 370.28158250095004,
    "sentKBytesPerSec" : 0.06785733673524781
  },
  "Total" : {
    "transaction" : "Total",
    "sampleCount" : 30,
    "errorCount" : 0,
    "errorPct" : 0.0,
    "meanResTime" : 736.7333333333333,
    "medianResTime" : 613.0,
    "minResTime" : 51.0,
    "maxResTime" : 2765.0,
    "pct1ResTime" : 1658.3000000000004,
    "pct2ResTime" : 2730.9,
    "pct3ResTime" : 2765.0,
    "throughput" : 1.6198704103671706,
    "receivedKBytesPerSec" : 737.1907903617711,
    "sentKBytesPerSec" : 0.26997840172786175
  },
  "HTTP Request-0" : {
    "transaction" : "HTTP Request-0",
    "sampleCount" : 10,
    "errorCount" : 0,
    "errorPct" : 0.0,
    "meanResTime" : 162.9,
    "medianResTime" : 59.0,
    "minResTime" : 51.0,
    "maxResTime" : 1079.0,
    "pct1ResTime" : 980.7000000000004,
    "pct2ResTime" : 1079.0,
    "pct3ResTime" : 1079.0,
    "throughput" : 0.5566998830930245,
    "receivedKBytesPerSec" : 0.30227063964816564,
    "sentKBytesPerSec" : 0.06958748538662807
  },
  "HTTP Request" : {
    "transaction" : "HTTP Request",
    "sampleCount" : 10,
    "errorCount" : 0,
    "errorPct" : 0.0,
    "meanResTime" : 1105.6000000000001,
    "medianResTime" : 745.5,
    "minResTime" : 594.0,
    "maxResTime" : 2765.0,
    "pct1ResTime" : 2655.8,
    "pct2ResTime" : 2765.0,
    "pct3ResTime" : 2765.0,
    "throughput" : 0.5399568034557236,
    "receivedKBytesPerSec" : 368.59539518088553,
    "sentKBytesPerSec" : 0.13498920086393087
  }
}