{
  "HTTP Request-1" : {
    "transaction" : "HTTP Request-1",
    "sampleCount" : 100,
    "errorCount" : 0,
    "errorPct" : 0.0,
    "meanResTime" : 599.2600000000002,
    "medianResTime" : 579.0,
    "minResTime" : 529.0,
    "maxResTime" : 1220.0,
    "pct1ResTime" : 633.0,
    "pct2ResTime" : 739.5999999999997,
    "pct3ResTime" : 1219.5399999999997,
    "throughput" : 4.962040391008783,
    "receivedKBytesPerSec" : 3384.5864294397857,
    "sentKBytesPerSec" : 0.6202550488760978
  },
  "Total" : {
    "transaction" : "Total",
    "sampleCount" : 300,
    "errorCount" : 0,
    "errorPct" : 0.0,
    "meanResTime" : 440.17333333333346,
    "medianResTime" : 579.0,
    "minResTime" : 51.0,
    "maxResTime" : 1310.0,
    "pct1ResTime" : 674.9000000000001,
    "pct2ResTime" : 702.6999999999999,
    "pct3ResTime" : 1219.5400000000004,
    "throughput" : 14.819937756261423,
    "receivedKBytesPerSec" : 6744.441751469644,
    "sentKBytesPerSec" : 2.4699896260435708
  },
  "HTTP Request-0" : {
    "transaction" : "HTTP Request-0",
    "sampleCount" : 100,
    "errorCount" : 0,
    "errorPct" : 0.0,
    "meanResTime" : 60.65,
    "medianResTime" : 60.0,
    "minResTime" : 51.0,
    "maxResTime" : 88.0,
    "pct1ResTime" : 68.0,
    "pct2ResTime" : 74.94999999999999,
    "pct3ResTime" : 87.90999999999995,
    "throughput" : 5.076399817249606,
    "receivedKBytesPerSec" : 2.7563264632722473,
    "sentKBytesPerSec" : 0.6345499771562008
  },
  "HTTP Request" : {
    "transaction" : "HTTP Request",
    "sampleCount" : 100,
    "errorCount" : 0,
    "errorPct" : 0.0,
    "meanResTime" : 660.61,
    "medianResTime" : 639.0,
    "minResTime" : 584.0,
    "maxResTime" : 1310.0,
    "pct1ResTime" : 696.8,
    "pct2ResTime" : 792.3499999999999,
    "pct3ResTime" : 1309.2299999999996,
    "throughput" : 4.939979252087141,
    "receivedKBytesPerSec" : 3372.220875734822,
    "sentKBytesPerSec" : 1.2349948130217854
  }
}